my_article;article;text;my_price;price;albom_id;itm_href;img_src;img;img_local
Z2FIAUR;_ С801 кор; 31-36, Натуральная кожа, Натуральная кожа;808,5;490;212624609;http://neposeda-shoes.ru//catalog/letnyaya-obuv/tufli-s801-kor/;http://neposeda-shoes.ru//upload/resize_cache/iblock/cee/2500_200_1/cee0461dc296306c343b2e82ddf2d79e.jpg;.;./img/cee0461dc296306c343b2e82ddf2d79e.jpg
cQYWrGN;_ Е7086; 32-37, Натуральная кожа, Натуральная кожа;1138,5;690;212624609;http://neposeda-shoes.ru//catalog/letnyaya-obuv/tufli-e7086/;http://neposeda-shoes.ru//upload/resize_cache/iblock/539/2500_200_1/53917b8bc7cc6c0693c48f99b2e97f64.jpg;.;./img/53917b8bc7cc6c0693c48f99b2e97f64.jpg
HLX3kDs;_ Е1062; 32-37, Натуральная кожа, Натуральная кожа;1468,5;890;212624609;http://neposeda-shoes.ru//catalog/letnyaya-obuv/tufli-e1062/;http://neposeda-shoes.ru//upload/resize_cache/iblock/96b/2500_200_1/96bcdb710ded80d53f33f7bed2479225.jpg;.;./img/96bcdb710ded80d53f33f7bed2479225.jpg
dQmVBjY;_ LВ-1478С2 красн; 21-26, Комбинированная кожа, Натуральная кожа;858;520;212624609;http://neposeda-shoes.ru//catalog/letnyaya-obuv/mokasiny-lv-1478s2-krasn/;http://neposeda-shoes.ru//upload/resize_cache/iblock/82b/2500_200_1/82b87516c8649649e18897356ad2448e.jpg;.;./img/82b87516c8649649e18897356ad2448e.jpg
VXrKk4x;_ LВ-1478С2 роз; 21-26, Комбинированная кожа, Натуральная кожа;858;520;212624609;http://neposeda-shoes.ru//catalog/letnyaya-obuv/mokasiny-lv-1478s2-roz/;http://neposeda-shoes.ru//upload/resize_cache/iblock/8d9/2500_200_1/8d92f7a0cec431ae3baad8b85c236315.jpg;.;./img/8d92f7a0cec431ae3baad8b85c236315.jpg
4Y3iOpe;_ 3839 красн; 25-30, Комбинированная кожа, Комбинированная кожа;808,5;490;212624609;http://neposeda-shoes.ru//catalog/letnyaya-obuv/tufli-3839-krasn/;http://neposeda-shoes.ru//upload/resize_cache/iblock/b0b/2500_200_1/b0b7d38765ae26e4d7acf2d885bdc59b.jpg;.;./img/b0b7d38765ae26e4d7acf2d885bdc59b.jpg
pJclGE5;_ 3839 беж; 25-30, Комбинированная кожа, Комбинированная кожа;808,5;490;212624609;http://neposeda-shoes.ru//catalog/letnyaya-obuv/tufli-3839-bezh/;http://neposeda-shoes.ru//upload/resize_cache/iblock/a02/2500_200_1/a0280c41ddba94217cce055a8ea33901.jpg;.;./img/a0280c41ddba94217cce055a8ea33901.jpg
1JCL6Fu;_ 3839 черн; 25-30, Комбинированная кожа, Комбинированная кожа;808,5;490;212624609;http://neposeda-shoes.ru//catalog/letnyaya-obuv/tufli-3839-chern/;http://neposeda-shoes.ru//upload/resize_cache/iblock/6b4/2500_200_1/6b4d047f3b467fd2d4d15a36a34e740d.jpg;.;./img/6b4d047f3b467fd2d4d15a36a34e740d.jpg
LEzQDD9;_ ХL-001 роз; 30-37, Натуральная кожа, Натуральная кожа;973,5;590;212624609;http://neposeda-shoes.ru//catalog/letnyaya-obuv/baletki-khl-001-roz/;http://neposeda-shoes.ru//upload/resize_cache/iblock/229/2500_200_1/229b7aae9a44ff9caeb9693377486aee.jpg;.;./img/229b7aae9a44ff9caeb9693377486aee.jpg
r2nRMAc;_ 484-3; 25-30, Прессованная кожа, Текстиль;858;520;212624609;http://neposeda-shoes.ru//catalog/letnyaya-obuv/sandalii-484-3/;http://neposeda-shoes.ru//upload/resize_cache/iblock/30a/2500_200_1/30af5c6a6d56d3eccffd5379618322b3.jpg;.;./img/30af5c6a6d56d3eccffd5379618322b3.jpg
teiuXVg;_ А306 фиол; 21-26, Прессованная кожа, Натуральная кожа;858;520;212624609;http://neposeda-shoes.ru//catalog/letnyaya-obuv/sandalii-a306-fiol/;http://neposeda-shoes.ru//upload/resize_cache/iblock/652/2500_200_1/6526558c7cadc1caf3f3c08fc5d80c45.jpg;.;./img/6526558c7cadc1caf3f3c08fc5d80c45.jpg
4BKLGVX;_ А306 малина; 21-26, Прессованная кожа, Натуральная кожа;858;520;212624609;http://neposeda-shoes.ru//catalog/letnyaya-obuv/sandalii-a306-malina/;http://neposeda-shoes.ru//upload/resize_cache/iblock/08c/2500_200_1/08c9de2d884f08851a29dd4d766b16ad.jpg;.;./img/08c9de2d884f08851a29dd4d766b16ad.jpg
9L2UqBL;_ 529; 26-31, Комбинированная кожа, Натуральная кожа;973,5;590;212624609;http://neposeda-shoes.ru//catalog/letnyaya-obuv/sandalii-529/;http://neposeda-shoes.ru//upload/resize_cache/iblock/a84/2500_200_1/a8490d1ec3ca93c6637d62957142c355.jpg;.;./img/a8490d1ec3ca93c6637d62957142c355.jpg
3fUuhhm;_ 19; 32-37, Прессованная кожа, Текстиль;1122;680;212624609;http://neposeda-shoes.ru//catalog/letnyaya-obuv/sandalii-19/;http://neposeda-shoes.ru//upload/resize_cache/iblock/2bf/2500_200_1/2bf32fd398e5bc4c58f86445377030ff.jpg;.;./img/2bf32fd398e5bc4c58f86445377030ff.jpg
4Rzx5R2;_ 777; 33-37, Натуральная кожа, Натуральная кожа;1138,5;690;212624609;http://neposeda-shoes.ru//catalog/letnyaya-obuv/sandalii-777/;http://neposeda-shoes.ru//upload/resize_cache/iblock/b57/2500_200_1/b57929d68a5c88204b8e6fc8d9074aeb.jpg;.;./img/b57929d68a5c88204b8e6fc8d9074aeb.jpg
3Ni7o3T;_ 1663-16; 26-31, Натуральная кожа, Натуральная кожа;1138,5;690;212624609;http://neposeda-shoes.ru//catalog/letnyaya-obuv/sandalii-1663-16/;http://neposeda-shoes.ru//upload/resize_cache/iblock/1bc/2500_200_1/1bc0ccf5d3b67d5468f75807933cc915.jpg;.;./img/1bc0ccf5d3b67d5468f75807933cc915.jpg
5ZReKT9;_ 1663-18; 26-31, Натуральная кожа, Натуральная кожа;1138,5;690;212624609;http://neposeda-shoes.ru//catalog/letnyaya-obuv/sandalii-1663-18/;http://neposeda-shoes.ru//upload/resize_cache/iblock/269/2500_200_1/2693639d4b73e4d244a3ed4a79a904d3.jpg;.;./img/2693639d4b73e4d244a3ed4a79a904d3.jpg
bvUeKOJ;_ 1663-17; 26-31, Натуральная кожа, Натуральная кожа;1138,5;690;212624609;http://neposeda-shoes.ru//catalog/letnyaya-obuv/sandalii-1663-17/;http://neposeda-shoes.ru//upload/resize_cache/iblock/77e/2500_200_1/77e0e1c8c72879de76cc52bc6d669a98.jpg;.;./img/77e0e1c8c72879de76cc52bc6d669a98.jpg
2656XED;_ 1663-15; 26-31, Натуральная кожа, Натуральная кожа;1138,5;690;212624609;http://neposeda-shoes.ru//catalog/letnyaya-obuv/sandalii-1663-15/;http://neposeda-shoes.ru//upload/resize_cache/iblock/4fd/2500_200_1/4fd22f3ea9dd2421b23613a059c57b2e.jpg;.;./img/4fd22f3ea9dd2421b23613a059c57b2e.jpg
3wG6jYe;_ 1663-30; 26-31, Натуральная кожа, Натуральная кожа;1138,5;690;212624609;http://neposeda-shoes.ru//catalog/letnyaya-obuv/sandalii-1663-30/;http://neposeda-shoes.ru//upload/resize_cache/iblock/7d5/2500_200_1/7d5fe6993fc7e9f9aeb7693cb5155c1b.jpg;.;./img/7d5fe6993fc7e9f9aeb7693cb5155c1b.jpg
H18M0Z1;_ Сандалии G887 син; 21-26, Прессованная кожа, Комбинированная кожа;874,5;530;212624609;http://neposeda-shoes.ru//catalog/letnyaya-obuv/sandalii-g887-sin/;http://neposeda-shoes.ru//upload/resize_cache/iblock/3bb/2500_200_1/3bb4d414b4f142117aa52b06dc082273.jpg;.;./img/3bb4d414b4f142117aa52b06dc082273.jpg
LSbWo5a;_ Сандалии G887 сер; 21-26, Прессованная кожа, Комбинированная кожа;874,5;530;212624609;http://neposeda-shoes.ru//catalog/letnyaya-obuv/sandalii-g887-ser/;http://neposeda-shoes.ru//upload/resize_cache/iblock/b76/2500_200_1/b763ceb9b0ef2d5e2bca6b1b6ec5284b.jpg;.;./img/b763ceb9b0ef2d5e2bca6b1b6ec5284b.jpg
8UUb0Zh;_ 6512; 31-36, Комбинированная кожа, Натуральная кожа;1468,5;890;212624609;http://neposeda-shoes.ru//catalog/letnyaya-obuv/tufli-6512/;http://neposeda-shoes.ru//upload/resize_cache/iblock/2b6/2500_200_1/2b6f67def634a1b34df0709ba61b2a9b.jpg;.;./img/2b6f67def634a1b34df0709ba61b2a9b.jpg
YDV19B8;_ 6513; 31-36, Комбинированная кожа, Натуральная кожа;1468,5;890;212624609;http://neposeda-shoes.ru//catalog/letnyaya-obuv/tufli-6513/;http://neposeda-shoes.ru//upload/resize_cache/iblock/390/2500_200_1/39040b88643ef843c93dfb72885eae61.jpg;.;./img/39040b88643ef843c93dfb72885eae61.jpg
tAnbBvY;_ 6510; 31-36, Комбинированная кожа, Натуральная кожа;1468,5;890;212624609;http://neposeda-shoes.ru//catalog/letnyaya-obuv/tufli-6510/;http://neposeda-shoes.ru//upload/resize_cache/iblock/9d1/2500_200_1/9d1f42d83c7f6b806e6adfb3a95c6ea8.jpg;.;./img/9d1f42d83c7f6b806e6adfb3a95c6ea8.jpg
CuZonal;_ 6515; 31-36, Комбинированная кожа, Натуральная кожа;1468,5;890;212624609;http://neposeda-shoes.ru//catalog/letnyaya-obuv/tufli-6515/;http://neposeda-shoes.ru//upload/resize_cache/iblock/c52/2500_200_1/c5219b255220b90b8882636b941e2969.jpg;.;./img/c5219b255220b90b8882636b941e2969.jpg
MgwUaq5;_ 36111-2587 фиолет; 28-35, Комбинированная кожа, Натуральная кожа;973,5;590;212624609;http://neposeda-shoes.ru//catalog/letnyaya-obuv/sandalii-36111-2587-fiolet/;http://neposeda-shoes.ru//upload/resize_cache/iblock/0bc/2500_200_1/0bc163dec13f8f1e38b390f78c95b049.jpg;.;./img/0bc163dec13f8f1e38b390f78c95b049.jpg
bpn93ia;_ 36111-2587 серебристо-бел; 28-35, Комбинированная кожа, Натуральная кожа;973,5;590;212624609;http://neposeda-shoes.ru//catalog/letnyaya-obuv/sandalii-36111-2587-serebristo-bel/;http://neposeda-shoes.ru//upload/resize_cache/iblock/a8d/2500_200_1/a8de61c2cd653834b98a8b69d9ac519c.jpg;.;./img/a8de61c2cd653834b98a8b69d9ac519c.jpg
dUjGuGS;_ Туфли R207230; 25-30, Прессованная кожа, Натуральная кожа;973,5;590;212624609;http://neposeda-shoes.ru//catalog/letnyaya-obuv/tufli-r207230/;http://neposeda-shoes.ru//upload/resize_cache/iblock/eea/2500_200_1/eea8f8a4fd975dd16550b701922028af.jpg;.;./img/eea8f8a4fd975dd16550b701922028af.jpg
6bQJGP8;_ Туфли R3011702; 26-31, Прессованная кожа, Натуральная кожа;973,5;590;212624609;http://neposeda-shoes.ru//catalog/letnyaya-obuv/tufli-r3011702/;http://neposeda-shoes.ru//upload/resize_cache/iblock/16c/2500_200_1/16c5367aa2ec01043f810e9eccb8ac00.jpg;.;./img/16c5367aa2ec01043f810e9eccb8ac00.jpg
40tQgZL;_ Туфли R207231; 25-30, Прессованная кожа, Натуральная кожа;973,5;590;212624609;http://neposeda-shoes.ru//catalog/letnyaya-obuv/tufli-r207231/;http://neposeda-shoes.ru//upload/resize_cache/iblock/6c7/2500_200_1/6c7edac947d19941f28c1e800a1c6821.jpg;.;./img/6c7edac947d19941f28c1e800a1c6821.jpg
rpRCPeM;_ Туфли R043230 роз; 25-30, Прессованная кожа, Натуральная кожа;973,5;590;212624609;http://neposeda-shoes.ru//catalog/letnyaya-obuv/tufli-r043230-roz/;http://neposeda-shoes.ru//upload/resize_cache/iblock/66d/2500_200_1/66d7cca844e6013847f781779ebe598e.jpg;.;./img/66d7cca844e6013847f781779ebe598e.jpg
TxX6rgN;_ Туфли R043230 красн; 25-30, Прессованная кожа, Натуральная кожа;973,5;590;212624609;http://neposeda-shoes.ru//catalog/letnyaya-obuv/tufli-r043230-krasn/;http://neposeda-shoes.ru//upload/resize_cache/iblock/028/2500_200_1/028109d88f891905af7d456a76d448c2.jpg;.;./img/028109d88f891905af7d456a76d448c2.jpg
WXF28vM;_ Туфли 01254; 31-36, Прессованная кожа, Натуральная кожа;973,5;590;212624609;http://neposeda-shoes.ru//catalog/letnyaya-obuv/tufli-01254/;http://neposeda-shoes.ru//upload/resize_cache/iblock/191/2500_200_1/191ff66778f44f5dc8039c12b7925dd2.jpg;.;./img/191ff66778f44f5dc8039c12b7925dd2.jpg
PlUTlnJ;_ Туфли 521-5215; 32-37, Прессованная кожа, Натуральная кожа;1023;620;212624609;http://neposeda-shoes.ru//catalog/letnyaya-obuv/tufli-521-5215/;http://neposeda-shoes.ru//upload/resize_cache/iblock/53b/2500_200_1/53b61ba9fd10ec0983ef26052e8b4ab4.jpg;.;./img/53b61ba9fd10ec0983ef26052e8b4ab4.jpg
CAsv7pB;_ Туфли R207229красн; 25-30, Прессованная кожа, Прессованная кожа;973,5;590;212624609;http://neposeda-shoes.ru//catalog/letnyaya-obuv/tufli-r207229krasn/;http://neposeda-shoes.ru//upload/resize_cache/iblock/bee/2500_200_1/bee20aa5eaf41597ad22aa9e35ab23a6.jpg;.;./img/bee20aa5eaf41597ad22aa9e35ab23a6.jpg
zGpvD5y;_ Туфли R207229розов; 25-30, Прессованная кожа, Прессованная кожа;973,5;590;212624609;http://neposeda-shoes.ru//catalog/letnyaya-obuv/tufli-r207229/;http://neposeda-shoes.ru//upload/resize_cache/iblock/ab8/2500_200_1/ab856065c81445f44663f368d390c01a.jpg;.;./img/ab856065c81445f44663f368d390c01a.jpg
MAlBWfv;_ Туфли R043225; 25-30, Прессованная кожа, Прессованная кожа;973,5;590;212624609;http://neposeda-shoes.ru//catalog/letnyaya-obuv/tufli-r043225/;http://neposeda-shoes.ru//upload/resize_cache/iblock/493/2500_200_1/49338bc1f529c8efaa77de4462b3f250.jpg;.;./img/49338bc1f529c8efaa77de4462b3f250.jpg
iDfU0KY;_ 1663-31; 26-31, Натуральная кожа, Натуральная кожа;1138,5;690;212624609;http://neposeda-shoes.ru//catalog/letnyaya-obuv/sandalii-1663-31/;http://neposeda-shoes.ru//upload/resize_cache/iblock/a08/2500_200_1/a088210ad5046576feafb2707e8f7a3b.jpg;.;./img/a088210ad5046576feafb2707e8f7a3b.jpg
N6EpG7U;_ 1663-25синие; 26-31, Натуральная кожа, Натуральная кожа;1138,5;690;212624609;http://neposeda-shoes.ru//catalog/letnyaya-obuv/sandalii-1663-25sinie/;http://neposeda-shoes.ru//upload/resize_cache/iblock/081/2500_200_1/0811ad80661d770725298646792bdb45.jpg;.;./img/0811ad80661d770725298646792bdb45.jpg
OwwndVT;_ 1663-25хакки; 26-31, Натуральная кожа, Натуральная кожа;1138,5;690;212624609;http://neposeda-shoes.ru//catalog/letnyaya-obuv/sandalii-1663-25khakki/;http://neposeda-shoes.ru//upload/resize_cache/iblock/82a/2500_200_1/82a7415d364be910cd880923f93b40af.jpg;.;./img/82a7415d364be910cd880923f93b40af.jpg
Q0rDBMf;_ G111; 21-26, Нубук, Прессованная кожа;973,5;590;212624609;http://neposeda-shoes.ru//catalog/letnyaya-obuv/sandalii-g111/;http://neposeda-shoes.ru//upload/resize_cache/iblock/528/2500_200_1/5280f41bf95d1937004ebac4c47fc6f2.jpg;.;./img/5280f41bf95d1937004ebac4c47fc6f2.jpg
y2KQFZK;_ 888; 21-25, Текстиль / Прессованная кожа, Текстиль;808,5;490;212624609;http://neposeda-shoes.ru//catalog/letnyaya-obuv/krossovki-888-roz/;http://neposeda-shoes.ru//upload/resize_cache/iblock/878/2500_200_1/8786d086c681cf241ed08b0e8e98e4c9.jpg;.;./img/8786d086c681cf241ed08b0e8e98e4c9.jpg
GJItPnS;_ 1686; 21-25, Текстиль / Прессованная кожа, Текстиль;808,5;490;212624609;http://neposeda-shoes.ru//catalog/letnyaya-obuv/krossovki-168/;http://neposeda-shoes.ru//upload/resize_cache/iblock/567/2500_200_1/5677d28edfaed33bb3a75019b073ac8a.jpg;.;./img/5677d28edfaed33bb3a75019b073ac8a.jpg
wuMk1jH;_ R257; 26-31, Прессованная кожа, Текстиль / Прессованная кожа;973,5;590;212624609;http://neposeda-shoes.ru//catalog/letnyaya-obuv/sandalii-r257/;http://neposeda-shoes.ru//upload/resize_cache/iblock/128/2500_200_1/128f20454512175b082779d163dbb1e8.jpg;.;./img/128f20454512175b082779d163dbb1e8.jpg
eeA5f2I;_ К297; 26-31, Прессованная кожа, Флис;973,5;590;212624609;http://neposeda-shoes.ru//catalog/letnyaya-obuv/sandalii-k997/;http://neposeda-shoes.ru//upload/resize_cache/iblock/64f/2500_200_1/64f7cac7c852fddee8b6fec975bd42eb.jpg;.;./img/64f7cac7c852fddee8b6fec975bd42eb.jpg
RPYqRIg;_ R-255; 25-30, Прессованная кожа, Текстиль / Прессованная кожа;973,5;590;212624609;http://neposeda-shoes.ru//catalog/letnyaya-obuv/sandalii-r-255/;http://neposeda-shoes.ru//upload/resize_cache/iblock/daa/2500_200_1/daa9404ec27c129c3304b5352105b1ed.jpg;.;./img/daa9404ec27c129c3304b5352105b1ed.jpg
xI1dsJH;_ ВА-3 малина; 21-26, Комбинированная кожа, Натуральная кожа;940,5;570;212624609;http://neposeda-shoes.ru//catalog/letnyaya-obuv/sandaliiva-3-malina/;http://neposeda-shoes.ru//upload/resize_cache/iblock/710/2500_200_1/710181f14df0071c4ec48837ff65c358.jpg;.;./img/710181f14df0071c4ec48837ff65c358.jpg
h6zOBm8;_ BA-3; 21-26, Комбинированная кожа, Натуральная кожа;940,5;570;212624609;http://neposeda-shoes.ru//catalog/letnyaya-obuv/sandalii-ba-3/;http://neposeda-shoes.ru//upload/resize_cache/iblock/50d/2500_200_1/50d11c89e2516c9b5e7c4fd12bd21b40.jpg;.;./img/50d11c89e2516c9b5e7c4fd12bd21b40.jpg
CFPQUqW;_ L203; 26-31, Комбинированная кожа, Натуральная кожа;973,5;590;212624609;http://neposeda-shoes.ru//catalog/letnyaya-obuv/sandalii-l203/;http://neposeda-shoes.ru//upload/resize_cache/iblock/1c4/2500_200_1/1c4e80f4527de7797424fd351c351eba.jpg;.;./img/1c4e80f4527de7797424fd351c351eba.jpg
asF2hDs;_ 604; 26-31, Комбинированная кожа, Натуральная кожа;973,5;590;212624609;http://neposeda-shoes.ru//catalog/letnyaya-obuv/sandalii-604/;http://neposeda-shoes.ru//upload/resize_cache/iblock/768/2500_200_1/768ab48dce93a40fae74b8f09f3677ee.jpg;.;./img/768ab48dce93a40fae74b8f09f3677ee.jpg
9mJG4KU;_ L204; 26-31, Комбинированная кожа, Натуральная кожа;973,5;590;212624609;http://neposeda-shoes.ru//catalog/letnyaya-obuv/sandalii-l204/;http://neposeda-shoes.ru//upload/resize_cache/iblock/40d/2500_200_1/40d9b13b601c2b87f6b23ea7ecee6d3b.jpg;.;./img/40d9b13b601c2b87f6b23ea7ecee6d3b.jpg
wuBOAbC;_ L205; 26-31, Комбинированная кожа, Натуральная кожа;973,5;590;212624609;http://neposeda-shoes.ru//catalog/letnyaya-obuv/sandalii-l205/;http://neposeda-shoes.ru//upload/resize_cache/iblock/f43/2500_200_1/f43ec207ee356a543f5c49a4624b95c1.jpg;.;./img/f43ec207ee356a543f5c49a4624b95c1.jpg
cxKOdAF;_ BL-29; 25-30, Комбинированная кожа, Натуральная кожа;858;520;212624609;http://neposeda-shoes.ru//catalog/letnyaya-obuv/sandalii-bl-29/;http://neposeda-shoes.ru//upload/resize_cache/iblock/ecc/2500_200_1/ecc3ed1da24d3416652f4a7e6fdaafd2.jpg;.;./img/ecc3ed1da24d3416652f4a7e6fdaafd2.jpg
81Biuhl;_ B-1063; 26-31, Комбинированная кожа, Натуральная кожа;858;520;212624609;http://neposeda-shoes.ru//catalog/letnyaya-obuv/sandalii-b-1063/;http://neposeda-shoes.ru//upload/resize_cache/iblock/953/2500_200_1/953376411fd44ce584e7080f5c556471.jpg;.;./img/953376411fd44ce584e7080f5c556471.jpg
LVOVhxC;_ BL-27; 25-30, Комбинированная кожа, Натуральная кожа;858;520;212624609;http://neposeda-shoes.ru//catalog/letnyaya-obuv/sandalii-bl-27/;http://neposeda-shoes.ru//upload/resize_cache/iblock/ae2/2500_200_1/ae2c66ae8c13f131438f458c0a923348.jpg;.;./img/ae2c66ae8c13f131438f458c0a923348.jpg
liwSM8G;_ L-201; 26-31, Комбинированная кожа, Натуральная кожа;858;520;212624609;http://neposeda-shoes.ru//catalog/letnyaya-obuv/sandalii-l-201/;http://neposeda-shoes.ru//upload/resize_cache/iblock/363/2500_200_1/3630835cbafa5cda7df741efcd6dd58a.jpg;.;./img/3630835cbafa5cda7df741efcd6dd58a.jpg
njjzQ4n;_ G190 хаки; 20-25, Прессованная кожа, Комбинированная кожа;874,5;530;212624609;http://neposeda-shoes.ru//catalog/letnyaya-obuv/sandalii-g-190-khaki/;http://neposeda-shoes.ru//upload/resize_cache/iblock/567/2500_200_1/5674a88644595d647b388d913fdc464d.jpg;.;./img/5674a88644595d647b388d913fdc464d.jpg
4F2cGEv;_ G190 синие; 20-25, Прессованная кожа, Комбинированная кожа;874,5;530;212624609;http://neposeda-shoes.ru//catalog/letnyaya-obuv/sandalii-g190-sinie/;http://neposeda-shoes.ru//upload/resize_cache/iblock/623/2500_200_1/6235037609aa89e0706f674be59e524a.jpg;.;./img/6235037609aa89e0706f674be59e524a.jpg
aWRWRFS;_ G-187; 21-26, Прессованная кожа, Комбинированная кожа;874,5;530;212624609;http://neposeda-shoes.ru//catalog/letnyaya-obuv/sandalii-g187-malina/;http://neposeda-shoes.ru//upload/resize_cache/iblock/a0d/2500_200_1/a0df0faf38420adab81c0733bf79079e.jpg;.;./img/a0df0faf38420adab81c0733bf79079e.jpg
8duuv1m;_ А-Т1271; 33-38, Натуральная кожа, Натуральная кожа;1303,5;790;212624609;http://neposeda-shoes.ru//catalog/letnyaya-obuv/sandalii-a-t1271/;http://neposeda-shoes.ru//upload/resize_cache/iblock/03a/2500_200_1/03a1537c17bbff1c2c5145ebe3ab0b9a.jpg;.;./img/03a1537c17bbff1c2c5145ebe3ab0b9a.jpg
Oj5ZgXW;_ ВХ1880; 26-31, Натуральная кожа, Натуральная кожа;1452;880;212624609;http://neposeda-shoes.ru//catalog/letnyaya-obuv/sandalii-vkh1880/;http://neposeda-shoes.ru//upload/resize_cache/iblock/dc9/2500_200_1/dc96dad9fb345cca8f2822bc9de45798.jpg;.;./img/dc96dad9fb345cca8f2822bc9de45798.jpg
7COfQiK;_ 3J091; 20-24, Натуральная кожа, Натуральная кожа;1452;880;212624609;http://neposeda-shoes.ru//catalog/letnyaya-obuv/sandalii-3j091/;http://neposeda-shoes.ru//upload/resize_cache/iblock/1c9/2500_200_1/1c95c7a04443c2d876504a77d34b3236.jpg;.;./img/1c95c7a04443c2d876504a77d34b3236.jpg
lj7Dtaj;_ А1121; 26-31, Прессованная кожа, Текстиль;1072,5;650;212624609;http://neposeda-shoes.ru//catalog/letnyaya-obuv/sandalii-a1121-sinie/;http://neposeda-shoes.ru//upload/resize_cache/iblock/1af/2500_200_1/1afa9ca9e177df91c4116fa0f4922e20.jpg;.;./img/1afa9ca9e177df91c4116fa0f4922e20.jpg
Vyxf09D;_ А1121; 26-31, Прессованная кожа, Текстиль;1072,5;650;212624609;http://neposeda-shoes.ru//catalog/letnyaya-obuv/sandalii-a1121/;http://neposeda-shoes.ru//upload/resize_cache/iblock/315/2500_200_1/31525ce9f3d9411ee0d0a17ff4723aeb.jpg;.;./img/31525ce9f3d9411ee0d0a17ff4723aeb.jpg
7OdW8jV;_ G190; 20-25, Прессованная кожа, Комбинированная кожа;874,5;530;212624609;http://neposeda-shoes.ru//catalog/letnyaya-obuv/sandalii-g190/;http://neposeda-shoes.ru//upload/resize_cache/iblock/3ce/2500_200_1/3ce5b4b41bd4924b5b4aa9fea334f1d3.jpg;.;./img/3ce5b4b41bd4924b5b4aa9fea334f1d3.jpg
ogRvTGL;_ J32-74; 26-31, Натуральная кожа, Натуральная кожа;1452;880;212624609;http://neposeda-shoes.ru//catalog/letnyaya-obuv/sandalii-j32-74/;http://neposeda-shoes.ru//upload/resize_cache/iblock/d6b/2500_200_1/d6b2f2869a5563be94a31776cc02c2e5.jpg;.;./img/d6b2f2869a5563be94a31776cc02c2e5.jpg
JZv5jDJ;_ G191персик; 21-26, Прессованная кожа, Комбинированная кожа;874,5;530;212624609;http://neposeda-shoes.ru//catalog/letnyaya-obuv/sandalii-g191persik/;http://neposeda-shoes.ru//upload/resize_cache/iblock/8f8/2500_200_1/8f87c3114d71ddf1bb9de50862ee16e6.jpg;.;./img/8f87c3114d71ddf1bb9de50862ee16e6.jpg
1MHsevx;_ Н1303; 31-36, Прессованная кожа, Текстиль;1122;680;212624609;http://neposeda-shoes.ru//catalog/letnyaya-obuv/sandalii-n1303/;http://neposeda-shoes.ru//upload/resize_cache/iblock/884/2500_200_1/8840172963350390e56e507a2135b4ce.jpg;.;./img/8840172963350390e56e507a2135b4ce.jpg
HhF7m4x;_ Н1307; 31-36, Прессованная кожа, Текстиль;1122;680;212624609;http://neposeda-shoes.ru//catalog/letnyaya-obuv/sandalii-n1307/;http://neposeda-shoes.ru//upload/resize_cache/iblock/2c1/2500_200_1/2c1e05aec6905934836b9d3708392aca.jpg;.;./img/2c1e05aec6905934836b9d3708392aca.jpg
ZzmvH5n;_ 5051; 31-36, Комбинированная кожа, Натуральная кожа;1303,5;790;212624609;http://neposeda-shoes.ru//catalog/letnyaya-obuv/sandalii-5051/;http://neposeda-shoes.ru//upload/resize_cache/iblock/0e6/2500_200_1/0e64865e0cf3edc475c1c8e15b8ec746.jpg;.;./img/0e64865e0cf3edc475c1c8e15b8ec746.jpg
o1Gfxow;_ 709-3 син; 26-31, Комбинированная кожа, Натуральная кожа;1138,5;690;212624609;http://neposeda-shoes.ru//catalog/letnyaya-obuv/sandalii-709-3-sin/;http://neposeda-shoes.ru//upload/resize_cache/iblock/2cc/2500_200_1/2cc4452f2ef7f600484e3d15b4a218d1.jpg;.;./img/2cc4452f2ef7f600484e3d15b4a218d1.jpg
k7FlUmN;_ 5053 черн; 31-36, Комбинированная кожа, Натуральная кожа;1303,5;790;212624609;http://neposeda-shoes.ru//catalog/letnyaya-obuv/sandalii-5053-chern/;http://neposeda-shoes.ru//upload/resize_cache/iblock/aa4/2500_200_1/aa47aa536505450a9f728cd8077fd6ab.jpg;.;./img/aa47aa536505450a9f728cd8077fd6ab.jpg
8SlQ90X;_ 709 черн; 26-31, Натуральная кожа, Натуральная кожа;1138,5;690;212624609;http://neposeda-shoes.ru//catalog/letnyaya-obuv/sandalii-709-chern/;http://neposeda-shoes.ru//upload/resize_cache/iblock/8c6/2500_200_1/8c67fdfe26b6adfada8dfc3039a993f8.jpg;.;./img/8c67fdfe26b6adfada8dfc3039a993f8.jpg
w5uvER1;_ 709-1; 26-31, Натуральная кожа, Натуральная кожа;1138,5;690;212624609;http://neposeda-shoes.ru//catalog/letnyaya-obuv/sandalii-709-1/;http://neposeda-shoes.ru//upload/resize_cache/iblock/532/2500_200_1/532ea7bd3ed2fefdb1728004aa7f3713.jpg;.;./img/532ea7bd3ed2fefdb1728004aa7f3713.jpg
mXpKY5Z;_ ZК097710 син; 32-37,5, Натуральная кожа, Натуральная кожа;1468,5;890;212624609;http://neposeda-shoes.ru//catalog/letnyaya-obuv/tufli-zk097710-sin/;http://neposeda-shoes.ru//upload/resize_cache/iblock/ad1/2500_200_1/ad149095578e324e32cc5d91824d5656.jpg;.;./img/ad149095578e324e32cc5d91824d5656.jpg
vtwQBbb;_ ZК097710 кор; 32-37,5, Натуральная кожа, Натуральная кожа;1468,5;890;212624609;http://neposeda-shoes.ru//catalog/letnyaya-obuv/tufli-zk097710-kor/;http://neposeda-shoes.ru//upload/resize_cache/iblock/53f/2500_200_1/53f09e9b1bfe9042e36a0c9245772c7c.jpg;.;./img/53f09e9b1bfe9042e36a0c9245772c7c.jpg
K7afBH5;_ 26111-3375; 29-34, Натуральная кожа, Натуральная кожа;973,5;590;212624609;http://neposeda-shoes.ru//catalog/letnyaya-obuv/sandalii-26111-3375/;http://neposeda-shoes.ru//upload/resize_cache/iblock/318/2500_200_1/318b8b80924d38bb3a2fd4bb8691b0a5.jpg;.;./img/318b8b80924d38bb3a2fd4bb8691b0a5.jpg
cShHrgl;_ 511-4391; 23-29, Натуральная кожа, Натуральная кожа;973,5;590;212624609;http://neposeda-shoes.ru//catalog/letnyaya-obuv/tufelki-511-4391/;http://neposeda-shoes.ru//upload/resize_cache/iblock/f09/2500_200_1/f0900aeb7a7bc4032c1e4fd913fa104b.jpg;.;./img/f0900aeb7a7bc4032c1e4fd913fa104b.jpg
RBPrWhw;_ 511-4273; 20-25, Натуральная кожа, Натуральная кожа;973,5;590;212624609;http://neposeda-shoes.ru//catalog/letnyaya-obuv/tufelki-511-4273/;http://neposeda-shoes.ru//upload/resize_cache/iblock/437/2500_200_1/4379829847be4b131660e22da7d890f6.jpg;.;./img/4379829847be4b131660e22da7d890f6.jpg
ne8s2KT;_ 35311-2338; 30-36, Натуральная кожа, Натуральная кожа;973,5;590;212624609;http://neposeda-shoes.ru//catalog/letnyaya-obuv/mokasiny-35311-2338/;http://neposeda-shoes.ru//upload/resize_cache/iblock/130/2500_200_1/1301408e29086731e318061c16fa6999.jpg;.;./img/1301408e29086731e318061c16fa6999.jpg
OM4yUfO;_ 35311-2306; 30-36, Натуральная кожа, Натуральная кожа;973,5;590;212624609;http://neposeda-shoes.ru//catalog/letnyaya-obuv/mokasiny-35311-2306/;http://neposeda-shoes.ru//upload/resize_cache/iblock/3c3/2500_200_1/3c3c2e0f4551ca64231592e7be30c2f9.jpg;.;./img/3c3c2e0f4551ca64231592e7be30c2f9.jpg
vWTHPbp;_ 35111-2592; 30-36, Натуральная кожа, Натуральная кожа;973,5;590;212624609;http://neposeda-shoes.ru//catalog/letnyaya-obuv/mokasiny-35111-2592/;http://neposeda-shoes.ru//upload/resize_cache/iblock/749/2500_200_1/7493f347c22f013538f46e3fd56bc906.jpg;.;./img/7493f347c22f013538f46e3fd56bc906.jpg
gsL83Bz;_ 817-5862; 20-25, Натуральная кожа, Натуральная кожа;973,5;590;212624609;http://neposeda-shoes.ru//catalog/letnyaya-obuv/krossovki-817-5862/;http://neposeda-shoes.ru//upload/resize_cache/iblock/607/2500_200_1/607d6306a1e27414d80cc9a2449154b0.jpg;.;./img/607d6306a1e27414d80cc9a2449154b0.jpg
0S6n7eP;_ 817-5861; 20-25, Натуральная кожа, Натуральная кожа;973,5;590;212624609;http://neposeda-shoes.ru//catalog/letnyaya-obuv/krossovki-817-5861/;http://neposeda-shoes.ru//upload/resize_cache/iblock/bb6/2500_200_1/bb631c04a39c81d9ef5f7ee2f8c08be9.jpg;.;./img/bb631c04a39c81d9ef5f7ee2f8c08be9.jpg
mJAuyOr;_ G10947; 27-32, Прессованная кожа, Прессованная кожа;709,5;430;212624609;http://neposeda-shoes.ru//catalog/letnyaya-obuv/tufli-g10947/;http://neposeda-shoes.ru//upload/resize_cache/iblock/91e/2500_200_1/91e6510a8e8da09d5a32351ad0747d8c.jpg;.;./img/91e6510a8e8da09d5a32351ad0747d8c.jpg
G7m5oeB;_ Д12519А; 33-38, Прессованная кожа, Прессованная кожа;775,5;470;212624609;http://neposeda-shoes.ru//catalog/letnyaya-obuv/tufli-d12519a/;http://neposeda-shoes.ru//upload/resize_cache/iblock/4ca/2500_200_1/4cab05bf4759cc4c3294721f050785ba.jpg;.;./img/4cab05bf4759cc4c3294721f050785ba.jpg
hUn1TT6;_ 3598С; 30-35, Натуральная кожа, Натуральная кожа;973,5;590;212624609;http://neposeda-shoes.ru//catalog/letnyaya-obuv/tufli-3598s/;http://neposeda-shoes.ru//upload/resize_cache/iblock/ef3/2500_200_1/ef3b5e6acbde58cd95ccf86698387c91.jpg;.;./img/ef3b5e6acbde58cd95ccf86698387c91.jpg
dwPZkRH;_ G191 малина; 21-26, Прессованная кожа, Комбинированная кожа;874,5;530;212624609;http://neposeda-shoes.ru//catalog/letnyaya-obuv/sandalii-g191-malina/;http://neposeda-shoes.ru//upload/resize_cache/iblock/f57/2500_200_1/f57e55fb7fa2a6cbb76be8bc954d9623.jpg;.;./img/f57e55fb7fa2a6cbb76be8bc954d9623.jpg
GrE3afx;_ QL365-803 персик; 21-26, Прессованная кожа, Комбинированная кожа;874,5;530;212624609;http://neposeda-shoes.ru//catalog/letnyaya-obuv/sandalii-ql365-803-persik/;http://neposeda-shoes.ru//upload/resize_cache/iblock/6e6/2500_200_1/6e6631ecdf6ff51b7f98a56d7b2ea1df.jpg;.;./img/6e6631ecdf6ff51b7f98a56d7b2ea1df.jpg
J3Yqblv;_ QL365-803 малина; 21-26, Прессованная кожа, Комбинированная кожа;874,5;530;212624609;http://neposeda-shoes.ru//catalog/letnyaya-obuv/sandalii-ql365-803-malina/;http://neposeda-shoes.ru//upload/resize_cache/iblock/3c4/2500_200_1/3c4d68b295e4b37e244762304ad366ed.jpg;.;./img/3c4d68b295e4b37e244762304ad366ed.jpg
dFiU7XX;_ 904-3; 31-36, Прессованная кожа, Прессованная кожа;660;400;212624609;http://neposeda-shoes.ru//catalog/letnyaya-obuv/tufli-904-3/;http://neposeda-shoes.ru//upload/resize_cache/iblock/f65/2500_200_1/f65304c15ca4e2e6d1f6121bf6d5680c.jpg;.;./img/f65304c15ca4e2e6d1f6121bf6d5680c.jpg
icv1gtr;_ 2005-10 роз; 29-36, Прессованная кожа, Прессованная кожа;643,5;390;212624609;http://neposeda-shoes.ru//catalog/letnyaya-obuv/tufelki-2005-10-roz/;http://neposeda-shoes.ru//upload/resize_cache/iblock/fbd/2500_200_1/fbd6f2f8d4f3436230609e131d53e7fa.jpg;.;./img/fbd6f2f8d4f3436230609e131d53e7fa.jpg
rPX0p5R;_ В-63 черн; 31-36, Нубук, Текстиль;577,5;350;212624609;http://neposeda-shoes.ru//catalog/letnyaya-obuv/v-63-chern-v-63-chern/;http://neposeda-shoes.ru//upload/resize_cache/iblock/294/2500_200_1/29427fe409730ee27b3f9b72d68b4d82.jpg;.;./img/29427fe409730ee27b3f9b72d68b4d82.jpg
UzJjXIV;_ В-63 кор; 31-36, Нубук, Текстиль;577,5;350;212624609;http://neposeda-shoes.ru//catalog/letnyaya-obuv/v-63-kor-v-63-kor/;http://neposeda-shoes.ru//upload/resize_cache/iblock/534/2500_200_1/5347219690b33648ab2c03422fba4148.jpg;.;./img/5347219690b33648ab2c03422fba4148.jpg
